Name,RA,DECL,Equinox,Vmag,Sp.Type,"dist (pc)",star_id,star_id_str
HIP2,"0  0 1.22","-19 29 55",2000,9.27,K3V,45.60,1,star1
HIP169,"0  2 9.33","-68 16 54",2000,9.24,M0V,15.80,2,star2
HIP171,"0  2 11.0","27  4 41",2000,5.80,G3V,12.40,3,star3
HIP194,"0  2 29.6","8 29  6",2000,5.70,F0V,37.60,4,star4
HIP400,"0  4 56.7","23 16 10",2000,7.82,G9V,25.60,5,star5
HIP428,"0  5 12.2","45 47  9",2000,9.95,M2,11.40,6,star6
HIP436,"0  5 17.3","-67 50  6",2000,8.49,K5V,16.00,7,star7
HIP443,"0  5 20.1","-5 42 26",2000,4.61,K1III,39.40,8,star8
GJ1,"0  5 31.9","-37 22  4",2000,8.54,M1.5V,4.34,9,star9
HIP518,"0  6 16.3","58 26 12",2000,5.98,G5V,20.20,10,star10
HIP522,"0  6 20.1","-49  4 31",2000,5.70,G1IV...,25.60,11,star11
HIP544,"0  6 37.2","29  1 14",2000,6.07,K0V,13.70,12,star12
GJ1002,"0  6 42.9","-7 32 51",2000,13.70,M5.0V,4.69,13,star13
HIP560,"0  6 50.1","-23  6 27",2000,6.19,F2IV,39.00,14,star14
HIP677,"0  8 23.4","29  5 22",2000,2.07,B9p,29.70,15,star15
HIP910,"0 11 15.7","-15 28  9",2000,4.89,F5V,18.80,16,star16
HIP916,"0 11 21.6","58 21  0",2000,9.50,K7,28.00,17,star17
HIP950,"0 11 44.2","-35  7 57",2000,5.24,F3/F5V,21.80,18,star18
HIP974,"0 12 4.36","27  5 54",2000,8.73,K0,25.70,19,star19
HIP1031,"0 12 50.0","-57 54 44",2000,7.22,K0V,20.30,20,star20
HIP1086,"0 13 30.6","41  2  4",2000,5.71,F0IV,35.00,21,star21
HIP1242,"0 15 28.9","-16  8 11",2000,11.40,M:,5.21,22,star22
HIP1292,"0 16 15.3","-79 51  5",2000,6.59,G6V,17.60,23,star23
HIP1349,"0 16 54.4","-52 39  1",2000,6.84,G2V,23.00,24,star24
HIP1368,"0 17 7.17","40 56 55",2000,8.99,M0,14.90,25,star25
HIP1444,"0 17 59.3","-13 27 20",2000,6.51,G2V,26.10,26,star26
HIP1463,"0 18 16.5","10 12  9",2000,10.80,M0,16.20,27,star27
HIP1473,"0 18 19.5","36 47  6",2000,4.51,A2V,43.20,28,star28
GJ15A,"0 18 27.1","44  1 29",2000,8.08,M1.5V,3.57,29,star29
GJ15B,"0 18 29.7","44  1 44",2000,11.00,M3.5V,3.57,30,star30
HIP1499,"0 18 42.3","-8  3 13",2000,6.47,G0V,23.40,31,star31
HIP1532,"0 19 5.51","-9 57 58",2000,9.90,K7V,20.70,32,star32
HIP1599,"0 20 8.54","-64 52 10",2000,4.23,F9V,8.59,33,star33
HIP1692,"0 21 13.3","-8 16 52",2000,9.19,K2,23.00,34,star34
HIP1768,"0 22 23.8","-27  2  3",2000,8.30,K1V,22.40,35,star35
HIP1803,"0 22 52.2","-12 12 33",2000,6.39,G3V,20.30,36,star36
HIP1837,"0 23 15.9","-33 10  1",2000,8.74,K3/K4V,22.20,37,star37
HIP1936,"0 24 26.7","-27  1 35",2000,7.92,K2V,18.00,38,star38
HIP2072,"0 26 12.3","-43 40 46",2000,3.93,A7V,23.50,39,star39
HIP2081,"0 26 17.3","-42 18 27",2000,2.40,K0III..,23.70,40,star40
HIP2120,"0 26 52.2","70  8 30",2000,10.50,M0,16.20,41,star41
HIP2422,"0 30 56.6","77  1  9",2000,6.18,K0IV,39.40,42,star42
HIP2552,"0 32 34.2","67 14  4",2000,10.20,M2.5Ve,10.10,43,star43
HIP2578,"0 32 44.1","-63  1 54",2000,5.07,A0V,46.40,44,star44
HIP2711,"0 34 28.2","-52 22 22",2000,5.57,F3IV-V,25.60,45,star45
HIP2762,"0 35 15.3","-3 35 34",2000,5.20,F8V...,21.00,46,star46
HIP2852,"0 36 6.77","-22 50 33",2000,6.06,A5m...,49.70,47,star47
HIP2941,"0 37 22.3","-24 46  2",2000,5.57,K1V+...,15.50,48,star48
HIP3092,"0 39 19.8","30 51 38",2000,3.27,K3III..,31.00,49,star49
HIP3093,"0 39 21.2","21 14 55",2000,5.88,K0V,11.10,50,star50
HIP3170,"0 40 27.5","-59 27  9",2000,5.89,G1V,25.40,51,star51
HIP3206,"0 40 49.7","40 11  3",2000,7.36,K2V,17.20,52,star52
HIP3418,"0 43 32.5","33 50 34",2000,8.73,K8,20.70,53,star53
HIP3419,"0 43 35.6","-17 59 11",2000,2.04,K0III,29.30,54,star54
HIP3497,"0 44 39.6","-65 39 10",2000,6.55,G3V,21.80,55,star55
HIP3505,"0 44 44.3","-22  0 20",2000,5.22,F0V,27.80,56,star56
HIP3535,"0 45 4.83","1 46 58",2000,8.03,K2V,22.00,57,star57
HIP3583,"0 45 45.8","-47 33  5",2000,5.80,G5IV,14.90,58,star58
HIP3588,"0 45 48.7","-41 54 34",2000,7.89,"K5V com",16.00,59,star59
HIP3765,"0 48 23.7","5 16 31",2000,5.74,K2V,7.46,60,star60
HIP3821,"0 49 8.46","57 48 45",2000,3.46,"G0V SB",5.95,61,star61
HIP3850,"0 49 27.3","-23 12 43",2000,7.15,G8/K0V,18.80,62,star62
HIP3876,"0 49 47.6","70 27  1",2000,7.75,K0,21.50,63,star63
HIP3909,"0 50 7.34","-10 38 43",2000,5.17,F7IV-V,15.40,64,star64
HIP3979,"0 51 11.1","-5  2 23",2000,6.98,G0,22.00,65,star65
HIP3998,"0 51 21.8","18 44 16",2000,9.22,K2,21.80,66,star66
HIP4022,"0 51 34.7","-22 54 40",2000,8.95,K5V,15.10,67,star67
HIP4148,"0 53 1.90","-30 21 24",2000,7.15,K2V,14.00,68,star68
HIP4151,"0 53 4.04","61  7 28",2000,4.80,F8V,18.50,69,star69
HIP4288,"0 54 58.2","23 37 41",2000,5.46,K1IV,38.90,70,star70
HIP4436,"0 56 45.4","38 29 58",2000,3.86,A5V,41.70,71,star71
HIP4454,"0 57 6.54","69  2 32",2000,9.12,K4V,24.10,72,star72
HIP4473,"0 57 22.1","-62 14 42",2000,9.50,K7V,19.30,73,star73
HIP4569,"0 58 29.4","-27 51 30",2000,11.70,,13.10,74,star74
HIP4845,"1  2 21.1","-10 25 28",2000,10.00,K7V,21.60,75,star75
HIP4849,"1  2 24.9","5  3 44",2000,8.16,K2,21.40,76,star76
HIP4856,"1  2 38.1","71 40 41",2000,9.98,M3.5e,8.14,77,star77
HIP4872,"1  2 40.5","62 20 43",2000,9.56,K5V...,10.00,78,star78
HIP4907,"1  2 57.8","69 13 35",2000,7.67,G5,25.80,79,star79
HIP5027,"1  4 24.1","-25 36 23",2000,9.78,K4/K5V,25.60,80,star80
HIP5110,"1  5 29.9","15 23 21",2000,8.66,K2V,26.50,81,star81
HIP5247,"1  7 11.9","63 56 33",2000,9.00,K7V,15.00,82,star82
HIP5286,"1  7 37.9","22 57 10",2000,8.41,K4V,20.70,83,star83
HIP5310,"1  7 57.2","20 44 19",2000,5.56,A3V,49.40,84,star84
HIP5346,"1  8 21.9","5 38 56",2000,5.51,F0III-I,35.90,85,star85
HIP5336,"1  8 22.7","54 54 47",2000,5.17,G5Vp,7.55,86,star86
HIP5364,"1  8 35.6","-10 10 58",2000,3.46,K2III,36.00,87,star87
HIP5369,"1  8 40.2","17 14 24",2000,10.50,K6,27.70,88,star88
HIP5496,"1 10 23.9","-67 26 32",2000,9.80,K,8.13,89,star89
HIP5521,"1 10 41.6","42 55 51",2000,7.66,K0,26.70,90,star90
HIP5542,"1 11 6.58","55  8 59",2000,4.34,A7Vvar,42.10,91,star91
GJ54.1,"1 12 31.9","-16 59 45",2000,12.10,M4.0V,3.71,92,star92
HIP5663,"1 12 46.2","-25 14  7",2000,9.55,K4V,22.00,93,star93
HIP5799,"1 14 24.1","-7 55 17",2000,5.14,F5V,24.30,94,star94
HIP5842,"1 15 2.22","-68 49  6",2000,7.22,K2V,21.10,95,star95
HIP5862,"1 15 12.1","-45 31 51",2000,4.97,F8V,15.00,96,star96
HIP5896,"1 15 47.3","-68 52 31",2000,4.25,F6IV,20.40,97,star97
HIP5938,"1 16 24.3","-12  5 49",2000,7.55,K0V,26.50,98,star98
HIP5944,"1 16 29.0","42 56 21",2000,6.59,G0,23.60,99,star99
HIP5957,"1 16 39.8","25 19 51",2000,10.10,K5,22.70,100,star100
HIP6069,"1 17 53.3","5 28 16",2000,11.00,M2V:,15.30,101,star101
HIP6290,"1 20 40.1","57 19 47",2000,10.30,K6V:,18.90,102,star102
HIP6344,"1 21 32.6","80  9  5",2000,9.67,K8,24.10,103,star103
HIP6351,"1 21 36.3","-41 39 30",2000,10.10,K5,16.80,104,star104
HIP6379,"1 21 58.9","76 42 36",2000,7.17,K0,16.80,105,star105
HIP6414,"1 22 23.5","-33 12 55",2000,10.30,,26.90,106,star106
HIP6537,"1 24 1.31","-8 11  3",2000,3.60,K0III,35.10,107,star107
HIP6706,"1 26 15.2","19 10 20",2000,5.35,F2V:var,26.00,108,star108
HIP6748,"1 26 51.5","-13  3 23",2000,5.51,F0V,36.20,109,star109
HIP6813,"1 27 39.9","45 24 22",2000,4.83,F5IV,28.30,110,star110
HIP6917,"1 29 5.41","21 43 20",2000,7.74,K2V,23.10,111,star111
HIP7078,"1 31 14.1","70 15 51",2000,5.82,F6V,29.20,112,star112
HIP7235,"1 33 16.1","-24 10 43",2000,6.97,K0V,19.50,113,star113
HIP7339,"1 34 32.1","68 56 55",2000,6.52,G6V,20.90,114,star114
HIP7387,"1 35 15.5","-58  8 22",2000,6.03,F2V,40.40,115,star115
HIP7513,"1 36 47.6","41 24 13",2000,4.10,F8V,13.40,116,star116
HIP7535,"1 37 5.83","12  8 29",2000,5.54,F0V,33.80,117,star117
HIP7576,"1 37 35.6","-6 45 39",2000,7.66,G5,23.60,118,star118
GJ65A,"1 39 5.01","-17 56 52",2000,12.60,M5.5V,2.67,119,star119
HIP7734,"1 39 36.3","45 52 36",2000,6.60,G5IV,21.30,120,star120
HIP7748,"1 39 46.3","73 42 30",2000,9.81,,27.20,121,star121
HIP7751,"1 39 48.0","-56 11 46",2000,5.76,K0V,8.14,122,star122
HIP7918,"1 41 48.2","42 36 45",2000,4.96,G2V,12.60,123,star123
HIP7981,"1 42 29.4","20 15 55",2000,5.24,K1V,7.46,124,star124
HIP7978,"1 42 29.6","-53 44 28",2000,5.52,F8V,17.30,125,star125
HIP8051,"1 43 19.7","4 19  5",2000,10.90,M2V:,11.20,126,star126
HIP8070,"1 43 39.7","63 49 14",2000,8.42,K5V,13.40,127,star127
GJ71,"1 44 2.19","-15 56  1",2000,3.49,G8.5V,3.65,128,star128
HIP8209,"1 45 38.9","-25  3 10",2000,5.29,F2IV,27.40,129,star129
HIP8275,"1 46 38.7","12 24 41",2000,8.91,K5,23.00,130,star130
HIP8362,"1 47 46.2","63 51  5",2000,5.63,K0V,9.97,131,star131
HIP8486,"1 49 23.2","-10 42 14",2000,6.72,G0,23.00,132,star132
HIP8497,"1 49 34.9","-10 41 12",2000,4.66,F3III,23.60,133,star133
HIP8543,"1 50 7.83","29 27 51",2000,8.06,K1V,26.70,134,star134
HIP8768,"1 52 50.1","-22 26  5",2000,8.89,K5/M0V,11.00,135,star135
HIP8867,"1 54 5.99","66 10 32",2000,8.47,G5,22.10,136,star136
HIP8903,"1 54 38.5","20 48 27",2000,2.64,A5V...,18.20,137,star137
HIP9007,"1 55 58.6","-51 36 27",2000,3.69,G5IV,17.40,138,star138
HIP9044,"1 56 33.4","-60 13 32",2000,8.61,K5V,19.70,139,star139
HIP9085,"1 57 0.58","-51 45 54",2000,6.10,F8V,26.30,140,star140
HIP9094,"1 57 9.20","-10 14 36",2000,6.42,G5,33.90,141,star141
HIP9153,"1 57 55.6","23 35 45",2000,4.79,F0V,40.80,142,star142
HIP9236,"1 58 46.7","-61 34 11",2000,2.86,F0V,21.80,143,star143
HIP9269,"1 59 6.93","33 12 29",2000,7.14,G5,24.50,144,star144
GJ83.1,"2  0 14.4","13  2 39",2000,12.30,M4.0V,4.44,145,star145
HIP9480,"2  1 57.2","70 54 25",2000,4.49,A3IV,35.80,146,star146
HIP9487,"2  2 2.85","2 45 49",2000,3.82,A2,42.60,147,star147
HIP9598,"2  3 25.9","72 25 17",2000,3.95,A2V,49.70,148,star148
HIP9716,"2  4 59.3","-15 40 41",2000,7.79,K0V,25.50,149,star149
HIP9724,"2  5 6.31","-17 36 55",2000,10.10,M3,9.43,150,star150
HIP9727,"2  5 8.09","77 16 52",2000,5.27,F0Vn,33.50,151,star151
HIP9829,"2  6 30.2","24 20  0",2000,6.89,G2V,23.10,152,star152
HIP9884,"2  7 10.6","23 27 42",2000,2.01,K2III,20.20,153,star153
HIP10138,"2 10 29.4","-50 49 14",2000,6.12,K0V,10.90,154,star154
HIP10279,"2 12 19.1","3 34  2",2000,10.00,M3V:,10.30,155,star155
HIP10306,"2 12 48.2","21 12 39",2000,5.23,F5V,30.10,156,star156
HIP10337,"2 13 12.5","-21 11 46",2000,9.84,K7V,23.20,157,star157
HIP10395,"2 13 54.5","-32  2 37",2000,10.30,,12.30,158,star158
HIP10416,"2 14 13.5","-3 38 10",2000,8.55,K2,22.80,159,star159
HIP10542,"2 15 46.0","-18 14 19",2000,7.94,K3V,22.20,160,star160
HIP10617,"2 16 42.0","-30 59 14",2000,12.00,,14.20,161,star161
HIP10644,"2 17 4.71","34 13 23",2000,4.84,G0V,10.80,162,star162
HIP10670,"2 17 18.9","33 50 49",2000,4.03,A1Vnn,36.00,163,star163
HIP10723,"2 18 1.83","1 45 33",2000,5.60,G0.5IV,24.90,164,star164
HIP10798,"2 18 58.2","-25 56 37",2000,6.33,G8V,12.60,165,star165
HIP10812,"2 19 11.9","-36 46 32",2000,11.50,,13.90,166,star166
HIP10925,"2 20 43.2","-39  2  1",2000,8.67,K3/K4V,25.40,167,star167
HIP11000,"2 21 44.7","-6 52 45",2000,9.07,K0,26.70,168,star168
HIP11001,"2 21 44.7","-68 39 33",2000,4.08,A3V,41.40,169,star169
HIP11029,"2 22 1.69","-10 46 40",2000,5.43,F0V,29.80,170,star170
HIP11048,"2 22 14.9","47 52 48",2000,9.40,M2,11.90,171,star171
HIP11090,"2 22 50.1","41 23 45",2000,5.81,F0III-I,47.20,172,star172
HIP11452,"2 27 45.9","4 25 59",2000,8.69,K7V:,16.60,173,star173
HIP11477,"2 28 1.72","-33 48 39",2000,5.13,A2/A3V,46.80,174,star174
HIP11565,"2 29 2.38","-19 58 41",2000,8.78,K4V,18.90,175,star175
HIP11569,"2 29 3.87","67 24  9",2000,4.46,"A5p Sr",43.40,176,star176
HIP11759,"2 31 42.3","-15 16 26",2000,8.67,K2V,26.10,177,star177
HIP11783,"2 32 5.14","-15 14 43",2000,4.74,F5V,25.80,178,star178
HIP11852,"2 32 59.4","-72 41 11",2000,8.84,K4V,22.50,179,star179
HIP11964,"2 34 22.6","-43 47 51",2000,8.89,"K7V com",11.50,180,star180
HIP12097,"2 35 53.5","20 13  9",2000,10.60,M2,13.90,181,star181
HIP12110,"2 36 0.87","-23 31 16",2000,8.34,K3V,21.20,182,star182
HIP12114,"2 36 6.83","6 53 35",2000,5.79,K3V,7.20,183,star183
HIP12158,"2 36 42.1","-3  9 21",2000,8.10,K0,24.30,184,star184
HIP12225,"2 37 24.5","-52 32 35",2000,5.30,A6V,44.40,185,star185
HIP12351,"2 39 1.13","-58 11 13",2000,9.48,M0Ve,16.50,186,star186
HIP12390,"2 39 34.0","-11 52 23",2000,4.83,F5V,27.00,187,star187
HIP12394,"2 39 35.6","-68 16  0",2000,4.12,B9III,47.00,188,star188
HIP12413,"2 39 48.1","-42 53 30",2000,4.74,A2V,39.70,189,star189
HIP12444,"2 40 12.2","-9 27 11",2000,5.79,F6V,21.50,190,star190
HIP12447,"2 40 15.7","6  6 42",2000,6.26,F3V:,39.60,191,star191
HIP12493,"2 40 43.1","1 11 58",2000,9.51,M0,22.30,192,star192
HIP12530,"2 41 14.2","-0 41 46",2000,5.72,F7IV,21.60,193,star193
HIP12653,"2 42 34.0","-50 47 57",2000,5.40,G3IV,17.20,194,star194
HIP12706,"2 43 17.8","3 14  6",2000,3.47,A3V,25.10,195,star195
HIP12709,"2 43 21.4","19 25 45",2000,8.23,K5,18.50,196,star196
HIP12723,"2 43 34.3","-46 27 25",2000,9.04,K5V,27.40,197,star197
HIP12777,"2 44 12.5","49 13 40",2000,4.10,F7V,11.20,198,star198
HIP12781,"2 44 16.5","25 31 18",2000,10.50,M3.5Ve,7.55,199,star199
HIP12828,"2 44 56.8","10  6 50",2000,4.27,F1III-I,25.80,200,star200
HIP12832,"2 44 57.7","12 26 43",2000,5.17,A7III-I,38.20,201,star201
HIP12843,"2 45 6.55","-18 34 20",2000,4.47,F5/F6V,13.90,202,star202
HIP12929,"2 46 17.5","11 46 27",2000,8.59,K5,15.90,203,star203
HIP12961,"2 46 43.2","-23  5  9",2000,10.20,M0,23.80,204,star204
HIP13008,"2 47 11.1","-22 29  9",2000,6.47,F2V,38.10,205,star205
HIP13081,"2 48 9.45","27  4  5",2000,7.56,K1V,22.30,206,star206
HIP13218,"2 50 9.52","-53  8 12",2000,10.70,M,13.00,207,star207
HIP13258,"2 50 37.2","15 42 29",2000,8.87,K5,22.40,208,star208
HIP13375,"2 52 8.41","34 23  5",2000,9.60,K6:,14.20,209,star209
HIP13389,"2 52 24.5","-63 40 37",2000,11.30,M,11.50,210,star210
HIP13402,"2 52 32.5","-12 46 13",2000,6.05,K1V,10.30,211,star211
SO0253,"2 53 4.68","16 51 52",2000,15.10,M6.5V,3.85,212,star212
HIP13601,"2 55 17.6","16 18 32",2000,7.41,G5,26.10,213,star213
HIP13642,"2 55 39.3","26 52 20",2000,7.52,K2,22.80,214,star214
HIP13665,"2 55 57.2","61 31 16",2000,5.59,F4V,26.40,215,star215
HIP13769,"2 57 13.2","-24 58 30",2000,7.84,K2V,25.70,216,star216
HIP13772,"2 57 14.7","-24 58 10",2000,7.33,K1/K2V,22.40,217,star217
HIP13782,"2 57 23.8","-23 51 44",2000,5.44,A5IV/V,48.60,218,star218
HIP13834,"2 58 5.49","20 40  6",2000,5.80,F5IV,31.80,219,star219
HIP13976,"3  0 3.16","7 44 59",2000,7.97,G5,23.40,220,star220
HIP14146,"3  2 23.3","-23 37 28",2000,4.08,A4V,26.40,221,star221
HIP14150,"3  2 26.3","26 36 30",2000,6.62,G8V,21.10,222,star222
HIP14286,"3  4 11.2","61 42  9",2000,6.64,G4V,22.80,223,star223
HIP14293,"3  4 16.5","-7 36  2",2000,5.26,A8V,43.00,224,star224
HIP14445,"3  6 27.1","1 57 39",2000,9.07,M0V,14.70,225,star225
HIP14576,"3  8 10.1","40 57 20",2000,2.09,B8V,28.40,226,star226
HIP14587,"3  8 22.8","-60 10 19",2000,9.27,K5V,21.40,227,star227
HIP14633,"3  9 5.32","76  2 20",2000,9.82,M0,21.30,228,star228
HIP14632,"3  9 6.09","49 36 46",2000,4.05,G0V,10.50,229,star229
HIP14668,"3  9 30.0","44 51 24",2000,3.79,K0III,34.40,230,star230
HIP14669,"3  9 30.1","45 43 51",2000,10.10,M2,15.40,231,star231
HIP14729,"3 10 15.4","12  2 59",2000,9.38,K5,27.00,232,star232
HIP14862,"3 11 56.3","74 23 35",2000,4.85,A2Vnn,49.60,233,star233
HIP14954,"3 12 46.6","-1 11 47",2000,5.07,F8V,22.30,234,star234
HIP15095,"3 14 44.8","-26 26 44",2000,9.17,K5V,18.30,235,star235
HIP15099,"3 14 47.6","8 58 44",2000,7.83,K0,22.20,236,star236
HIP15131,"3 15 6.18","-45 39 51",2000,6.75,G3V,24.30,237,star237
HIP15197,"3 15 50.0","-8 49 10",2000,4.80,A5m,36.70,238,star238
HIP15201,"3 15 58.2","-77 23 17",2000,5.51,F4III,29.30,239,star239
HIP15220,"3 16 14.6","58  9 57",2000,10.50,M2,13.40,240,star240
HIP15330,"3 17 49.2","-62 34 20",2000,5.53,G2V,12.10,241,star241
HIP15371,"3 18 15.8","-62 30 12",2000,5.24,G1V,12.00,242,star242
HIP15411,"3 18 41.2","-18 33 36",2000,5.72,F3V,36.50,243,star243
HIP15457,"3 19 21.9","3 22 14",2000,4.84,G5Vvar,9.15,244,star244
HIP15510,"3 20 0.07","-43  3 59",2000,4.26,G8V,6.05,245,star245
HIP15638,"3 21 24.2","79 58  6",2000,11.20,M2:,13.70,246,star246
HIP15648,"3 21 26.4","43 19 46",2000,4.96,A3V,47.60,247,star247
HIP15673,"3 21 54.2","52 19 49",2000,9.05,K5,22.70,248,star248
HIP15771,"3 23 16.2","-49 59 34",2000,10.20,K0,19.90,249,star249
HIP15774,"3 23 17.5","-49 59 26",2000,8.58,K3V,19.70,250,star250
HIP15797,"3 23 33.6","43 57 20",2000,8.98,K2,25.50,251,star251
HIP15799,"3 23 35.3","-40  4 34",2000,6.90,K0V,17.00,252,star252
HIP15919,"3 24 59.4","-5 22  1",2000,7.86,K5V,15.10,253,star253
HIP16069,"3 27 0.07","-63 30  0",2000,8.08,K5V,16.30,254,star254
HIP16134,"3 27 53.0","-19 48 11",2000,8.39,K5V,12.60,255,star255
HIP16245,"3 29 23.5","-62 56  9",2000,4.71,F5IV-V,21.40,256,star256
HIP16499,"3 32 26.1","46  3 23",2000,5.30,F4IIIva,36.40,257,star257
GJ144,"3 32 54.7","-9 27 29",2000,3.73,K2.0V,3.21,258,star258
HIP16536,"3 32 55.3","-44 42  4",2000,11.40,,10.80,259,star259
HIP16711,"3 35 1.58","-48 25  3",2000,8.57,K7V,13.30,260,star260
GJ1061,"3 36 0.79","-44 30 51",2000,13.00,M5.0V,3.67,261,star261
HIP16846,"3 36 47.2","0 35 13",2000,5.82,G5IV/V,28.90,262,star262
HIP16852,"3 36 52.1","0 23 58",2000,4.29,F9V,13.70,263,star263
HIP17027,"3 39 1.10","-5 37 37",2000,5.97,K1V,35.10,264,star264
LP944-020,"3 39 35.6","-35 25 36",2000,18.60,M9.0V,4.96,265,star265
HIP17147,"3 40 22.7","-3 13  4",2000,6.68,F9V,24.30,266,star266
HIP17157,"3 40 29.5","-47 55 28",2000,9.59,K7,25.10,267,star267
HIP17346,"3 42 44.7","-24 28  4",2000,9.20,K5V,25.90,268,star268
HIP17378,"3 43 14.8","-9 45 36",2000,3.52,K0IV,9.04,269,star269
HIP17395,"3 43 33.8","-10 29  8",2000,5.59,A5m,42.90,270,star270
HIP17405,"3 43 45.4","16 39 57",2000,10.80,M1,16.20,271,star271
HIP17414,"3 43 52.7","16 40 14",2000,9.99,M2,17.20,272,star272
HIP17420,"3 43 55.6","-19  6 36",2000,7.10,K2V,14.00,273,star273
HIP17439,"3 44 9.45","-38 16 49",2000,6.99,K1V,16.20,274,star274
HIP17440,"3 44 12.7","-64 48 23",2000,3.84,"K0IV SB",30.50,275,star275
HIP17496,"3 44 51.4","11 55 14",2000,9.13,K8V:,21.80,276,star276
HIP17544,"3 45 24.5","-27 51 42",2000,8.21,K2V,21.70,277,star277
HIP17609,"3 46 20.6","26 12 52",2000,9.61,K5,14.50,278,star278
HIP17651,"3 46 50.7","-23 15  7",2000,4.22,F3/F5V,17.90,279,star279
HIP17666,"3 47 2.96","41 25 18",2000,7.67,K1V,24.40,280,star280
HIP17749,"3 48 1.40","68 40 26",2000,9.17,K0,17.30,281,star281
HIP17797,"3 48 35.9","-37 37 12",2000,4.30,A+...,49.40,282,star282
HIP17978,"3 50 35.7","-42 33 45",2000,8.61,K2V,26.70,283,star283
HIP18267,"3 54 28.2","16 36 55",2000,6.81,G0,20.60,284,star284
HIP18280,"3 54 35.4","-6 49 25",2000,9.02,M0V,15.40,285,star285
HIP18324,"3 55 4.80","61  9 56",2000,7.84,K0V,21.20,286,star286
HIP18413,"3 56 10.9","59 38 33",2000,6.53,G0,21.30,287,star287
HIP18450,"3 56 36.4","-41 20 35",2000,8.85,K5V,17.60,288,star288
HIP18512,"3 57 28.5","-1  9 36",2000,8.07,K4V,15.70,289,star289
HIP18774,"4  1 21.0","76  9 24",2000,8.20,K4V,15.90,290,star290
HIP18859,"4  2 36.9","-0 16 12",2000,5.38,F5V,19.20,291,star291
HIP18907,"4  3 9.38","5 59 21",2000,3.91,A1V,39.60,292,star292
HIP18975,"4  3 56.7","8 11 50",2000,5.45,F2V,35.90,293,star293
HIP19076,"4  5 20.4","22  0 29",2000,5.90,G5V,16.70,294,star294
HIP19165,"4  6 34.9","-20 51 23",2000,9.70,K7,23.50,295,star295
HIP19205,"4  7 0.34","29  0  4",2000,5.21,F1V,27.50,296,star296
HIP19233,"4  7 21.9","-64 13 14",2000,6.37,G3V,23.10,297,star297
HIP19255,"4  7 34.5","38  4 24",2000,7.13,G5,20.50,298,star298
HIP19333,"4  8 35.5","-59 31 38",2000,9.71,K4V,25.60,299,star299
HIP19335,"4  8 36.8","38  2 19",2000,5.52,F7V,21.30,300,star300
HIP19337,"4  8 38.0","33 38 15",2000,10.10,M1,13.60,301,star301
HIP19422,"4  9 35.2","69 32 24",2000,7.70,G5,18.40,302,star302
HIP19554,"4 11 20.4","5 31 23",2000,5.71,F4V,38.60,303,star303
HIP19655,"4 12 41.8","70 12  6",2000,9.73,M0V:,25.80,304,star304
HIP19719,"4 13 33.1","7 42 57",2000,5.29,F3V...,36.90,305,star305
HIP19747,"4 14 0.17","-42 17 42",2000,3.85,K1III,35.90,306,star306
HIP19832,"4 15 9.63","-4 25  7",2000,9.38,K5V,20.40,307,star307
GJ166,"4 15 13.8","-7 40  4",2000,4.43,K0.5V,4.98,308,star308
HIP19849,"4 15 13.9","-7 40  4",2000,4.43,K1V,5.04,309,star309
GJ166BC,"4 15 19.3","-7 40 11",2000,9.52,M5V,4.98,310,star310
HIP19855,"4 15 25.6","6 11 56",2000,6.94,G5IV,20.80,311,star311
HIP19859,"4 15 28.6","6 11 10",2000,6.32,G0IV...,21.10,312,star312
HIP19884,"4 15 58.3","-53 18 28",2000,7.64,K5V,13.00,313,star313
HIP19893,"4 16 1.75","-51 29  8",2000,4.26,F4III,20.30,314,star314
HIP19921,"4 16 28.9","-59 18 10",2000,4.44,K2IV,18.20,315,star315
HIP19930,"4 16 32.6","36 30  2",2000,8.25,K2,25.50,316,star316
HIP19990,"4 17 15.6","20 34 41",2000,4.93,A3m,28.60,317,star317
HIP20219,"4 19 57.8","14  2  6",2000,5.58,F3V...,44.80,318,star318
HIP20261,"4 20 36.4","15  5 43",2000,5.26,F0V,47.10,319,star319
HIP20542,"4 24 5.88","17 26 38",2000,4.80,A7V,44.70,320,star320
HIP20635,"4 25 22.2","22 17 37",2000,4.21,A7IV-V,47.00,321,star321
HIP20641,"4 25 25.1","22 11 59",2000,5.27,A7V,44.10,322,star322
HIP20648,"4 25 29.5","17 55 39",2000,4.30,A2IV,45.30,323,star323
HIP20713,"4 26 20.8","15 37  5",2000,4.48,F0V...,47.90,324,star324
HIP20842,"4 28 0.89","21 37 10",2000,5.72,Am,47.90,325,star325
HIP20901,"4 28 50.2","13  2 51",2000,5.02,A7V,49.10,326,star326
HIP20917,"4 29 0.05","21 55 24",2000,8.30,K7V,11.40,327,star327
HIP21029,"4 30 33.7","16 11 38",2000,4.78,A6IV,44.30,328,star328
HIP21036,"4 30 37.4","13 43 27",2000,5.40,F0V,45.70,329,star329
HIP21039,"4 30 39.0","15 41 30",2000,5.47,Am,44.30,330,star330
HIP21223,"4 33 9.31","-36 56 45",2000,8.74,K4V,25.00,331,star331
HIP21248,"4 33 30.4","-29 46  3",2000,4.49,K0III,38.10,332,star332
HIP21272,"4 33 50.3","5 23  1",2000,7.92,K0,26.70,333,star333
HIP21273,"4 33 51.0","14 50 39",2000,4.65,A8V,46.70,334,star334
HIP21284,"4 34 1.30","-43 31 30",2000,8.81,K5V,22.40,335,star335
HIP21402,"4 35 39.3","10  9 38",2000,4.25,A5m,46.10,336,star336
HIP21421,"4 35 55.3","16 30 30",2000,0.87,K5III,19.90,337,star337
HIP21482,"4 36 48.5","27  7 53",2000,8.10,K2,17.80,338,star338
HIP21547,"4 37 36.1","-2 28 25",2000,5.22,F0V,29.70,339,star339
HIP21553,"4 37 41.4","52 53 29",2000,8.62,K8V,10.10,340,star340
HIP21556,"4 37 41.6","-11  2 23",2000,10.30,M1,11.00,341,star341
HIP21589,"4 38 9.57","12 30 38",2000,4.27,A6V,45.80,342,star342
HIP21594,"4 38 10.7","-14 18 17",2000,3.86,K1III,33.50,343,star343
HIP21673,"4 39 9.25","15 47 58",2000,5.08,A4m,46.50,344,star344
HIP21683,"4 39 16.5","15 55  4",2000,4.67,A5Vn,48.70,345,star345
HIP21770,"4 40 33.5","-41 51 50",2000,4.44,F2V,20.10,346,star346
HIP21818,"4 41 18.5","20 54  1",2000,8.09,K3V,13.40,347,star347
HIP21861,"4 42 3.54","-37  8 36",2000,5.04,F3V,27.60,348,star348
HIP21932,"4 42 56.5","18 57 11",2000,9.95,M2,9.41,349,star349
HIP21988,"4 43 35.5","27 41 10",2000,8.00,K5III,22.30,350,star350
HIP22044,"4 44 25.9","11  8 45",2000,5.39,F0V,48.20,351,star351
HIP22122,"4 45 37.8","-50  4 32",2000,7.58,K0V,20.40,352,star352
HIP22263,"4 47 36.4","-16 56  1",2000,5.49,G3V,13.30,353,star353
HIP22287,"4 48 0.37","56 45 23",2000,5.29,A3m,49.70,354,star354
HIP22288,"4 48 1.22","-10 56  2",2000,9.53,K7V,26.10,355,star355
HIP22361,"4 48 50.5","75 56 26",2000,5.96,A9IV,45.60,356,star356
HIP22449,"4 49 50.9","6 57 40",2000,3.19,F6V,8.02,357,star357
HIP22451,"4 49 52.2","-35  6 29",2000,7.49,K2V,17.90,358,star358
HIP22498,"4 50 25.6","63 19 55",2000,9.99,K7,23.40,359,star359
HIP22531,"4 50 55.1","-53 27 40",2000,5.58,F0IV...,37.00,360,star360
HIP22627,"4 52 5.88","6 28 30",2000,11.90,M4,12.10,361,star361
HIP22715,"4 53 4.90","22 14  4",2000,8.78,K5V,26.90,362,star362
HIP22738,"4 53 31.4","-55 51 35",2000,10.70,M2Ve,11.10,363,star363
HIP22762,"4 53 50.4","-17 46 34",2000,10.90,M3,12.30,364,star364
HIP22787,"4 54 4.37","-35 24 13",2000,7.60,K0V,25.90,365,star365
HIP22844,"4 54 53.2","-58 32 50",2000,6.11,F3V,30.80,366,star366
HIP22845,"4 54 53.7","10  9  0",2000,4.64,A0V,36.90,367,star367
HIP22907,"4 55 42.1","-28 33 53",2000,8.13,K3/K4V,17.90,368,star368
HIP23147,"4 58 50.7","49 50 55",2000,9.80,M2,16.50,369,star369
HIP23179,"4 59 15.4","37 53 23",2000,4.93,A1V,48.70,370,star370
HIP23296,"5  0 39.7","-2  3 57",2000,6.31,A8IV,49.50,371,star371
HIP23309,"5  0 47.1","-57 15 24",2000,10.00,,26.20,372,star372
HIP23311,"5  0 49.5","-5 45 30",2000,6.22,K3V,8.81,373,star373
HIP23437,"5  2 16.9","-56  4 38",2000,7.02,G5V,22.20,374,star374
HIP23452,"5  2 28.2","-21 15 27",2000,8.31,M0V,8.51,375,star375
HIP23482,"5  2 48.6","-49  9  4",2000,5.37,F2V,26.10,376,star376
HIP23497,"5  3 5.82","21 35 23",2000,4.62,A7V,49.90,377,star377
HIP23512,"5  3 19.8","-17 22 31",2000,11.70,K:,9.27,378,star378
HIP23516,"5  3 22.1","-23 14 58",2000,9.28,K5V,26.30,379,star379
HIP23693,"5  5 30.5","-57 28 19",2000,4.71,F7V,11.60,380,star380
HIP23708,"5  5 47.3","-57 33 11",2000,8.98,K7V,11.50,381,star381
HIP23783,"5  6 40.5","51 35 48",2000,4.98,F0V,26.20,382,star382
HIP23786,"5  6 42.5","14 26 42",2000,7.74,K0V,23.90,383,star383
HIP23875,"5  7 50.8","-5  5 12",2000,2.78,A3IIIva,27.20,384,star384
HIP23932,"5  8 35.6","-18 10 41",2000,10.20,M5,9.31,385,star385
HIP23941,"5  8 43.7","-4 27 22",2000,5.11,F2V,25.00,386,star386
GJ191,"5 11 50.4","-45  2 37",2000,8.85,M2.0V,3.91,387,star387
HIP24284,"5 12 42.5","19 40  0",2000,10.80,M5,12.70,388,star388
HIP24332,"5 13 17.2","37 20 12",2000,6.48,F8,25.90,389,star389
HIP24340,"5 13 25.6","38 29  3",2000,4.82,A4m,49.80,390,star390
HIP24454,"5 14 48.3","0 39 35",2000,9.97,K2III,26.20,391,star391
HIP24659,"5 17 29.2","-34 53 48",2000,4.81,K0/K1II,33.70,392,star392
HIP24783,"5 18 47.0","-21 23 38",2000,9.35,K4V,20.20,393,star393
HIP24786,"5 18 50.9","-18  7 47",2000,5.96,G0V,24.90,394,star394
HIP24813,"5 19 9.19","40  5 45",2000,4.69,G0V,12.60,395,star395
HIP24819,"5 19 13.4","-3  4 23",2000,7.77,K3V,16.80,396,star396
HIP24874,"5 19 59.7","-15 50 19",2000,8.72,K3V,24.30,397,star397
HIP25110,"5 22 33.0","79 13 54",2000,5.08,F6V,20.90,398,star398
HIP25119,"5 22 37.5","2 36  9",2000,7.76,K3V,19.90,399,star399
HIP25220,"5 23 38.6","17 19 26",2000,7.93,K2,14.30,400,star400
HIP25278,"5 24 25.7","17 23  0",2000,5.00,"F8V SB",14.60,401,star401
HIP25283,"5 24 30.2","-38 58 11",2000,9.08,K2,17.70,402,star402
HIP25421,"5 26 15.0","-32 30 18",2000,7.70,K2/K3V,17.90,403,star403
HIP25486,"5 27 4.77","-11 54  4",2000,6.30,F7V:,26.80,404,star404
HIP25544,"5 27 39.0","-60 24 59",2000,6.99,G5V,19.50,405,star405
HIP25578,"5 27 59.9","9 38 26",2000,12.40,M5,8.69,406,star406
HIP25623,"5 28 25.7","-3 30 11",2000,7.65,K5V,12.90,407,star407
HIP25647,"5 28 44.9","-65 26 52",2000,6.88,K1III(p,14.90,408,star408
HIP25775,"5 30 14.0","-42 41 52",2000,9.72,M0V,19.30,409,star409
HIP25878,"5 31 28.2","-3 41 11",2000,7.97,M1V,5.69,410,star410
HIP25918,"5 31 53.6","-76 20 22",2000,5.18,K4III,30.80,411,star411
HIP26335,"5 36 30.9","11 19 39",2000,8.78,K7,11.30,412,star412
HIP26366,"5 36 54.4","9 17 21",2000,4.09,G8III-I,35.50,413,star413
HIP26369,"5 36 55.0","-47 57 47",2000,9.84,,24.20,414,star414
HIP26373,"5 36 56.8","-47 57 52",2000,7.95,K0V,23.80,415,star415
HIP26394,"5 37 11.8","-80 27 52",2000,5.65,G3IV,18.20,416,star416
HIP26501,"5 38 9.19","-46  6 29",2000,7.33,G5,25.20,417,star417
HIP26505,"5 38 10.9","51 26 46",2000,7.74,K2V,20.50,418,star418
HIP26563,"5 38 53.0","-7 12 47",2000,4.77,A4V,47.00,419,star419
HIP26624,"5 39 31.1","-3 33 52",2000,5.99,A8Vs,41.30,420,star420
HIP26779,"5 41 20.3","53 28 43",2000,6.21,K1V,12.20,421,star421
HIP26801,"5 41 30.7","53 29 15",2000,9.78,M1,12.40,422,star422
HIP26857,"5 42 11.4","12 28 56",2000,11.50,M5,5.78,423,star423
HIP27072,"5 44 27.4","-22 27  0",2000,3.59,F7V,8.96,424,star424
HIP27075,"5 44 28.3","-20  7 35",2000,6.34,F8/G0V,25.50,425,star425
HIP27080,"5 44 30.9","-70  8 17",2000,8.09,K0V,25.50,426,star426
HIP27100,"5 44 46.3","-65 44  7",2000,4.34,A7V,44.40,427,star427
HIP27188,"5 45 48.9","62 13 59",2000,9.02,M0,13.60,428,star428
HIP27207,"5 46 2.53","37 16 56",2000,7.34,K0V,20.50,429,star429
HIP27288,"5 46 57.3","-14 49 19",2000,3.55,A2Vann,21.50,430,star430
HIP27321,"5 47 17.0","-51  3 58",2000,3.85,A3V,19.20,431,star431
HIP27323,"5 47 18.2","-48 31 35",2000,9.74,M0V,20.70,432,star432
HIP27359,"5 47 41.5","-36 19 44",2000,10.70,M2,14.90,433,star433
HIP27435,"5 48 35.0","-4  5 44",2000,5.97,G4V,15.50,434,star434
HIP27628,"5 50 57.6","-35 45 59",2000,3.12,K1.5III,26.30,435,star435
HIP27654,"5 51 19.5","-20 52 55",2000,3.76,G8III/I,34.40,436,star436
HIP27803,"5 53 0.28","-5 59 46",2000,9.70,M0V,20.10,437,star437
HIP27887,"5 54 4.12","-60  1 25",2000,7.17,K3V,12.80,438,star438
HIP27890,"5 54 6.33","-63  5 13",2000,4.65,K1III/I,27.20,439,star439
HIP27896,"5 54 10.9","-50 21 36",2000,6.53,K1V,34.80,440,star440
HIP27913,"5 54 22.7","20 16 32",2000,4.39,G0V,8.66,441,star441
HIP27918,"5 54 28.6","2  8 21",2000,8.84,K3V,26.60,442,star442
HIP27922,"5 54 30.2","-19 42 16",2000,7.51,G6V,22.70,443,star443
HIP27947,"5 54 50.0","-52 38  3",2000,5.29,F0Ve...,34.90,444,star444
HIP28103,"5 56 24.2","-14 10  1",2000,3.71,F1V,15.00,445,star445
HIP28267,"5 58 21.6","-4 39  5",2000,6.99,G0,23.20,446,star446
HIP28368,"5 59 37.7","58 35 30",2000,10.20,M1,13.50,447,star447
HIP28442,"6  0 19.0","-31  1 27",2000,7.85,K3/K4V,14.90,448,star448
HIP28614,"6  2 23.0","9 38 49",2000,4.12,Am...,46.50,449,star449
HIP28764,"6  4 28.3","-45  2  7",2000,6.35,G0IV-V,26.60,450,star450
HIP28790,"6  4 39.9","-45  4 40",2000,5.93,F4V,27.00,451,star451
HIP28954,"6  6 40.3","15 32 29",2000,6.76,K0,15.40,452,star452
HIP29052,"6  7 43.5","-25 44 44",2000,11.80,,11.40,453,star453
HIP29067,"6  7 55.1","67 58 34",2000,9.75,K8,24.90,454,star454
HIP29271,"6 10 14.9","-74 45 14",2000,5.08,G5V,10.10,455,star455
HIP29277,"6 10 20.2","82  6  2",2000,10.40,M3,9.39,456,star456
HIP29295,"6 10 34.4","-21 52  4",2000,8.15,M1/M2V,5.77,457,star457
HIP29432,"6 12 0.77","6 46 55",2000,6.85,G4V,23.10,458,star458
HIP29525,"6 13 12.5","10 37 32",2000,6.43,G8V,18.10,459,star459
HIP29548,"6 13 35.6","63 23 35",2000,9.67,M0,24.70,460,star460
HIP29568,"6 13 45.2","-23 51 41",2000,6.37,G5V,16.60,461,star461
HIP29650,"6 14 50.7","19  9 20",2000,5.20,F6V,21.10,462,star462
HIP29761,"6 16 2.63","70 46 46",2000,7.43,G5,25.70,463,star463
HIP29800,"6 16 26.7","12 16 22",2000,5.04,F5IV-V,19.60,464,star464
HIP29860,"6 17 15.9","5  6  3",2000,5.70,G0.5Vb,19.30,465,star465
HIP30060,"6 19 37.3","59  0 39",2000,4.44,A2Vs,45.70,466,star466
HIP30112,"6 20 13.0","2 15 30",2000,9.83,K7V,27.90,467,star467
HIP30314,"6 22 30.9","-60 13  6",2000,6.53,G1V,23.40,468,star468
HIP30419,"6 23 46.0","4 35 34",2000,4.39,A5IV,39.30,469,star469
HIP30503,"6 24 43.6","-28 46 50",2000,6.37,G2V,22.00,470,star470
HIP30630,"6 26 10.1","18 45 22",2000,6.78,K0,14.60,471,star471
HIP30756,"6 27 46.0","20 46 58",2000,8.59,G0,18.00,472,star472
GJ234,"6 29 24.1","-2 48 59",2000,11.10,M4.5V,4.09,473,star473
HIP31167,"6 32 23.1","-5 52  8",2000,5.60,F0Vnn+.,43.20,474,star474
HIP31592,"6 36 41.1","-19 15 22",2000,3.95,K1III+.,19.80,475,star475
HIP31635,"6 37 9.92","17 33 58",2000,9.63,M1:,9.84,476,star476
HIP31634,"6 37 11.4","-50  2 17",2000,9.61,K0,15.10,477,star477
HIP31703,"6 37 54.2","73 41 44",2000,6.26,F2,35.50,478,star478
HIP31711,"6 38 0.24","-61 31 59",2000,6.15,G1/G2V,21.60,479,star479
HIP31878,"6 39 49.9","-61 28 40",2000,9.71,M1V,21.90,480,star480
HIP32010,"6 41 15.9","23 57 23",2000,8.08,K2,17.50,481,star481
HIP32322,"6 44 51.9","-27 20 25",2000,6.43,F7V,26.50,482,star482
GJ244,"6 45 8.29","-16 43 17",2000,-1.40,A1V,2.63,483,star483
HIP32366,"6 45 22.6","-31 47 42",2000,5.92,F7V,24.20,484,star484
HIP32423,"6 46 4.48","32 33 22",2000,8.80,K3V,24.90,485,star485
HIP32439,"6 46 13.5","79 33 43",2000,5.44,F8V,17.80,486,star486
HIP32480,"6 46 44.3","43 34 41",2000,5.24,G0V,16.50,487,star487
HIP32617,"6 48 19.0","-1 19  8",2000,5.75,F1V,40.00,488,star488
HIP32765,"6 49 54.6","-46 36 46",2000,5.14,F5III,25.20,489,star489
HIP32769,"6 49 57.5","60 20 14",2000,8.59,M0p,16.40,490,star490
HIP32851,"6 50 49.8","-0 32 30",2000,5.78,F2V,29.80,491,star491
HIP32919,"6 51 31.9","47 21 53",2000,8.95,K2,18.80,492,star492
HIP32984,"6 52 17.4","-5 10 25",2000,6.58,K3V,8.70,493,star493
HIP33142,"6 54 5.31","60 52  2",2000,11.00,M:,10.60,494,star494
HIP33202,"6 54 38.7","13 10 38",2000,4.73,F0Vp,27.90,495,star495
HIP33226,"6 54 48.0","33 15 59",2000,9.89,K:...,5.51,496,star496
HIP33277,"6 55 18.6","25 22 32",2000,5.74,G0V,17.20,497,star497
HIP33302,"6 55 37.4","-20  8 10",2000,4.66,F2IV/V,29.20,498,star498
HIP33373,"6 56 28.2","40  4 20",2000,9.08,K5V,24.00,499,star499
HIP33428,"6 57 4.78","30 45 19",2000,9.68,M0,18.60,500,star500
HIP33478,"6 57 33.7","-24 37 49",2000,5.45,F3V,38.50,501,star501
HIP33499,"6 57 44.9","-44 17 28",2000,10.80,M4+...,8.02,502,star502
HIP33537,"6 58 11.8","22 28 34",2000,6.94,G5V,24.20,503,star503
HIP33560,"6 58 26.1","-12 59 32",2000,9.14,K4V,22.30,504,star504
HIP33690,"6 59 59.2","-61 20  6",2000,6.81,K0IV-V,18.40,505,star505
HIP33817,"7  1 13.9","-25 56 54",2000,6.71,K1V,14.60,506,star506
HIP33852,"7  1 39.4","48 22 36",2000,7.98,K3V,20.40,507,star507
HIP33955,"7  2 42.7","-6 48  2",2000,8.38,K5V,18.70,508,star508
HIP34017,"7  3 30.6","29 20  0",2000,5.93,G4V,19.00,509,star509
HIP34052,"7  3 50.1","-43 33 34",2000,8.67,K5V...,16.90,510,star510
HIP34065,"7  3 57.1","-43 36 22",2000,5.56,G3V...,16.20,511,star511
HIP34069,"7  3 58.7","-43 36 34",2000,6.83,K0V,15.00,512,star512
HIP34104,"7  4 17.5","-10 30 44",2000,10.90,M5,15.30,513,star513
HIP34115,"7  4 26.9","68 17 20",2000,11.90,M5,15.20,514,star514
HIP34341,"7  7 9.31","3 26 46",2000,9.84,M0V,26.70,515,star515
HIP34361,"7  7 23.1","-21 27 30",2000,11.10,M2V:,17.20,516,star516
HIP34414,"7  8 4.04","29 49 59",2000,8.32,G5,22.20,517,star517
HIP34567,"7  9 35.2","25 43 40",2000,7.09,G8V,24.50,518,star518
HIP34782,"7 12 4.03","-30 49 16",2000,6.10,A8III/I,47.50,519,star519
HIP34834,"7 12 33.4","-46 45 31",2000,4.49,F0IV,21.10,520,star520
HIP34890,"7 13 6.46","-63 20 32",2000,9.08,K5V,19.90,521,star521
HIP34950,"7 13 52.6","25  0 39",2000,8.40,K1V,25.10,522,star522
HIP35136,"7 15 50.1","47 14 20",2000,5.54,G0V,16.80,523,star523
HIP35191,"7 16 19.7","27  8 29",2000,10.80,,12.30,524,star524
HIP35296,"7 17 29.5","-46 58 35",2000,6.70,K2V,14.70,525,star525
HIP35350,"7 18 5.53","16 32 24",2000,3.58,A3V...,28.90,526,star526
HIP35550,"7 20 7.35","21 58 56",2000,3.50,F0IV...,18.00,527,star527
HIP35643,"7 21 17.4","45 13 41",2000,5.74,A7s,34.40,528,star528
HIP35821,"7 23 14.7","46  5 10",2000,10.50,M2,16.20,529,star529
HIP35872,"7 23 47.1","12 57 46",2000,8.19,G5,25.00,530,star530
HIP36046,"7 25 43.4","27 47 51",2000,3.78,G9III+.,38.60,531,star531
HIP36121,"7 26 26.6","-15 46 14",2000,9.21,K4V,25.60,532,star532
HIP36152,"7 26 49.8","21 32  7",2000,6.54,F6V,30.80,533,star533
HIP36210,"7 27 24.9","-51 24  9",2000,6.72,G5IV-V,22.50,534,star534
GJ273,"7 27 25.1","5 12 33",2000,9.85,M3.5V,3.75,535,star535
HIP36349,"7 28 51.2","-30 14 50",2000,9.96,M1V:e..,15.50,536,star536
HIP36357,"7 29 1.97","31 59 40",2000,7.73,K2V,17.50,537,star537
HIP36366,"7 29 6.91","31 47  7",2000,4.16,F0V...,18.40,538,star538
HIP36393,"7 29 20.3","28  7  4",2000,5.07,A4V,50.00,539,star539
HIP36399,"7 29 25.6","-7 33  2",2000,5.86,F8V,27.80,540,star540
HIP36439,"7 29 56.1","49 40 19",2000,5.35,F6V,19.90,541,star541
HIP36515,"7 30 42.3","-37 20 20",2000,6.66,G3V,21.70,542,star542
HIP36551,"7 31 7.79","14 36 46",2000,8.94,K5,21.20,543,star543
HIP36627,"7 31 56.9","36 13 43",2000,11.80,M4,11.40,544,star544
HIP36704,"7 33 0.51","37  1 47",2000,7.68,G5,19.60,545,star545
HIP36817,"7 34 18.5","-23 28 25",2000,5.06,F6V,29.00,546,star546
HIP36827,"7 34 26.0","-6 53 48",2000,8.16,K2V,24.80,547,star547
HIP36850,"7 34 35.5","31 53 15",2000,1.58,A2Vm,15.80,548,star548
HIP36915,"7 35 21.6","54 50 59",2000,11.30,M0,13.10,549,star549
HIP36927,"7 35 26.6","-52 26 28",2000,8.78,K3IV-V,25.20,550,star550
HIP36985,"7 36 7.11","-3  6 42",2000,9.87,,14.30,551,star551
HIP37217,"7 38 41.4","-21 13 36",2000,11.60,M2,10.80,552,star552
GJ280,"7 39 17.3","5 13 13",2000,0.37,F5IV,3.50,553,star553
HIP37288,"7 39 22.8","2 10 57",2000,9.66,M0,14.80,554,star554
HIP37349,"7 39 59.4","-3 35 55",2000,7.18,K2V,14.10,555,star555
HIP37494,"7 41 45.0","49 13 19",2000,9.73,K4,26.70,556,star556
HIP37629,"7 43 18.8","28 52 56",2000,4.23,"K1III S",37.40,557,star557
HIP37766,"7 44 39.8","3 33  1",2000,11.10,M4.5Ve,5.93,558,star558
HIP37826,"7 45 18.1","28  1 33",2000,1.16,K0IIIva,10.30,559,star559
HIP37853,"7 45 34.7","-34  9 52",2000,5.36,G0V,15.10,560,star560
HIP38048,"7 47 56.6","-12 11 32",2000,5.48,F5+...,30.20,561,star561
HIP38082,"7 48 18.0","20 21 49",2000,11.40,M2,14.10,562,star562
HIP38117,"7 48 39.3","53 38 46",2000,8.86,K4V,26.20,563,star563
HIP38228,"7 49 55.0","27 21 47",2000,6.90,G5IV,21.80,564,star564
HIP38325,"7 51 5.63","54  7 46",2000,6.03,F6V,30.00,565,star565
HIP38382,"7 51 46.2","-13 53 58",2000,5.16,G2V,16.60,566,star566
HIP38423,"7 52 15.4","-34 42 15",2000,5.01,F3/F5V,18.00,567,star567
HIP38594,"7 54 10.5","-25 18  8",2000,9.75,M,19.50,568,star568
HIP38625,"7 54 33.9","-1 24 45",2000,7.43,G8V,19.20,569,star569
HIP38657,"7 54 54.1","19 14  3",2000,7.76,K2,19.90,570,star570
HIP38712,"7 55 31.4","8 51 44",2000,5.86,F2IV,38.10,571,star571
HIP38784,"7 56 14.2","80 15 57",2000,6.55,G8V,17.00,572,star572
HIP38908,"7 57 48.0","-60 18  9",2000,5.59,G2V...,16.10,573,star573
HIP38910,"7 57 48.6","-33 57  2",2000,8.83,K5V,18.30,574,star574
HIP38931,"7 57 57.6","-0 48 51",2000,8.05,K5V,17.40,575,star575
HIP38939,"7 58 4.80","-25 37 39",2000,8.42,K3V,18.20,576,star576
HIP38956,"7 58 12.9","41 18  2",2000,12.00,M4V,8.16,577,star577
HIP39064,"7 59 34.1","20 50 29",2000,7.68,K0V,23.10,578,star578
HIP39157,"8  0 31.9","29 12 25",2000,6.97,G8V,16.80,579,star579
HIP39342,"8  2 30.7","-66  1 17",2000,7.18,K1V,17.20,580,star580
HIP39494,"8  4 22.9","43 57 41",2000,9.83,M0,25.30,581,star581
HIP39826,"8  8 12.8","21  6 12",2000,9.41,M:,17.10,582,star582
HIP39896,"8  8 56.3","32 49  7",2000,9.90,M0.5V:e,20.70,583,star583
HIP39903,"8  9 0.32","-61 18 13",2000,4.74,F5V,21.30,584,star584
HIP40035,"8 10 39.5","-13 47 56",2000,5.53,F7V,22.40,585,star585
HIP40118,"8 11 38.0","32 27 15",2000,6.78,G4V,21.70,586,star586
HIP40239,"8 13 8.28","-13 55  9",2000,9.38,M0V,21.60,587,star587
HIP40375,"8 14 35.4","13  1 23",2000,8.79,K5,18.30,588,star588
HIP40438,"8 15 25.2","-52  3 38",2000,6.63,G1V,27.00,589,star589
HIP40501,"8 16 7.58","1 18 10",2000,10.00,,9.15,590,star590
HIP40671,"8 18 10.4","30 35 49",2000,8.82,K4V,22.50,591,star591
HIP40693,"8 18 24.2","-12 38 11",2000,5.95,K0V,12.50,592,star592
HIP40702,"8 18 32.0","-76 55  9",2000,4.05,F5III,19.40,593,star593
HIP40706,"8 18 33.1","-36 39 31",2000,4.44,A4m...,28.50,594,star594
HIP40774,"8 19 18.8","1 20 19",2000,8.35,G5,23.30,595,star595
HIP40843,"8 20 3.83","27 12 57",2000,5.13,F6V,18.10,596,star596
HIP40875,"8 20 26.1","57 44 36",2000,5.89,F4V,31.60,597,star597
HIP40910,"8 20 55.2","14  4 12",2000,9.75,M0,23.40,598,star598
HIP41130,"8 23 31.2","21 50 53",2000,9.52,M0,27.00,599,star599
HIP41211,"8 24 34.7","-3 45  4",2000,5.61,F3V,27.20,600,star600
HIP41307,"8 25 39.5","-3 54 23",2000,3.91,A0V,38.30,601,star601
HIP41312,"8 25 44.1","-66  8 15",2000,3.77,K2IIIva,33.10,602,star602
HIP41484,"8 27 36.7","45 39  5",2000,6.32,G5V,21.70,603,star603
GJ1111,"8 29 48.1","26 46 27",2000,14.90,M6.0V,3.62,604,star604
HIP41689,"8 29 57.5","61 43 21",2000,10.20,M0,19.10,605,star605
HIP41926,"8 32 50.1","-31 29 50",2000,6.38,K0V,12.10,606,star606
HIP42074,"8 34 31.4","-0 43 33",2000,7.32,G5,21.70,607,star607
HIP42080,"8 34 36.0","65  8 41",2000,5.47,A2m,48.40,608,star608
HIP42172,"8 35 50.8","6 37 10",2000,5.91,F8V,26.50,609,star609
HIP42173,"8 35 51.1","6 37 19",2000,7.25,G5V,23.40,610,star610
HIP42220,"8 36 22.5","67 17 43",2000,9.28,M2,13.80,611,star611
HIP42333,"8 37 49.9","-6 48 24",2000,6.74,G0,23.60,612,star612
HIP42418,"8 39 0.14","6 57 14",2000,7.90,K0,25.40,613,star613
HIP42438,"8 39 11.6","65  1 16",2000,5.63,G1.5Vb,14.20,614,star614
HIP42499,"8 39 50.6","11 31 13",2000,7.61,K1V,18.50,615,star615
HIP42697,"8 42 7.12","-42 55 47",2000,8.11,K2V,22.30,616,star616
HIP42748,"8 42 44.7","9 33 14",2000,9.62,M0,13.30,617,star617
HIP42762,"8 42 52.4","9 33  1",2000,11.80,M5,15.40,618,star618
HIP42806,"8 43 17.0","21 28  5",2000,4.66,A1IV,48.50,619,star619
HIP42808,"8 43 17.6","-38 52 51",2000,6.58,K2V,11.10,620,star620
HIP42913,"8 44 42.2","-54 42 33",2000,1.93,A1V,24.40,621,star621
HIP42940,"8 45 9.99","41 40  8",2000,8.52,K3V,25.90,622,star622
HIP43233,"8 48 26.3","6 27 59",2000,10.30,M0,25.80,623,star623
HIP43534,"8 52 0.58","66  7 54",2000,9.26,K5,16.40,624,star624
HIP43557,"8 52 16.5","8  3 42",2000,6.57,G0,24.10,625,star625
HIP43587,"8 52 35.2","28 19 47",2000,5.96,G8V,12.50,626,star626
HIP43667,"8 53 47.0","35 13 15",2000,9.27,M0V:,25.80,627,star627
HIP43726,"8 54 17.5","-5 26  3",2000,6.01,G3V,17.00,628,star628
HIP43790,"8 55 7.67","1 32 30",2000,9.99,M1,20.00,629,star629
HIP43797,"8 55 11.8","-54 57 58",2000,5.70,F6V,24.10,630,star630
HIP43852,"8 55 55.6","36 11 46",2000,7.69,G5,26.10,631,star631
HIP43970,"8 57 15.0","15 19 22",2000,5.22,A5III,49.00,632,star632
HIP44001,"8 57 35.2","15 34 52",2000,5.68,F0IV,49.20,633,star633
HIP44072,"8 58 38.9","20 32 45",2000,9.22,M0,20.60,634,star634
HIP44075,"8 58 44.1","-16  7 54",2000,5.80,F7/F8IV,21.30,635,star635
HIP44127,"8 59 11.7","48  2 27",2000,3.12,A7IV,14.60,636,star636
HIP44143,"8 59 23.8","-59  4 56",2000,5.17,F3V,26.10,637,star637
HIP44248,"9  0 37.6","41 46 54",2000,3.96,F5V,16.40,638,star638
HIP44295,"9  1 17.3","15 15 51",2000,8.67,M0V:p..,18.30,639,star639
HIP44382,"9  2 26.7","-66 23 47",2000,4.00,Am,38.10,640,star640
HIP44722,"9  6 45.0","-8 48 21",2000,9.50,M0,14.50,641,star641
HIP44897,"9  8 50.8","33 52 54",2000,5.95,F9V,19.10,642,star642
HIP44901,"9  8 52.0","51 36 16",2000,4.46,Am,29.30,643,star643
HIP44899,"9  8 52.4","-34 50 37",2000,10.30,K7V,22.30,644,star644
HIP44955,"9  9 30.1","32 48 59",2000,9.96,M2,21.10,645,star645
HIP44984,"9  9 46.3","11 33 50",2000,6.48,F2p,37.60,646,star646
HIP45038,"9 10 23.5","67  8  1",2000,4.80,F7IV-V,20.40,647,star647
HIP45075,"9 10 55.2","63 30 48",2000,4.67,Am,37.30,648,star648
HIP45170,"9 12 16.9","14 59 49",2000,6.49,G9V,20.40,649,star649
HIP45343,"9 14 20.0","52 41  2",2000,7.64,M0V,6.18,650,star650
HIP120005,"9 14 21.9","52 41  0",2000,7.70,K2,6.27,651,star651
HIP45336,"9 14 21.9","2 18 46",2000,3.89,B9.5V,39.40,652,star652
HIP45383,"9 14 53.5","4 26 34",2000,7.91,K0,18.40,653,star653
HIP45493,"9 16 11.4","54  1 19",2000,4.80,A5V,36.20,654,star654
HIP45617,"9 17 53.5","28 33 29",2000,7.20,K3V,17.50,655,star655
HIP45637,"9 18 8.70","-57 46  0",2000,9.52,K7V,23.40,656,star656
HIP45688,"9 18 50.6","36 48  7",2000,3.82,A1V,37.30,657,star657
HIP45836,"9 20 43.6","51 16  0",2000,6.14,F3V,29.00,658,star658
HIP45839,"9 20 43.9","-5 45 16",2000,9.10,K2,24.10,659,star659
HIP45908,"9 21 35.8","-60 16 52",2000,9.49,M0V,10.40,660,star660
HIP45963,"9 22 25.4","40 11 58",2000,7.69,K2V,24.20,661,star661
HIP46199,"9 25 10.4","46  5 53",2000,9.09,K0,25.70,662,star662
HIP46343,"9 26 51.6","75 56  1",2000,9.02,K2,20.00,663,star663
HIP46417,"9 27 56.2","80 34 41",2000,9.27,K8,22.90,664,star664
HIP46509,"9 29 9.00","-2 46  8",2000,4.59,F6V,17.00,665,star665
HIP46549,"9 29 34.5","-5 22 21",2000,9.74,M0:,23.50,666,star666
HIP46580,"9 29 54.2","5 39 20",2000,7.20,K3V,12.60,667,star667
HIP46626,"9 30 27.9","-32  6  7",2000,8.31,K3/K4V,19.30,668,star668
HIP46651,"9 30 41.7","-40 27 59",2000,3.60,F2IV,18.50,669,star669
HIP46706,"9 31 20.2","-13 29 18",2000,10.00,M2,10.50,670,star670
HIP46733,"9 31 31.9","63  3 43",2000,3.65,F0IV,23.10,671,star671
HIP46769,"9 31 56.0","36 19  4",2000,10.10,M0,13.50,672,star672
HIP46816,"9 32 25.3","-11 11  4",2000,7.82,K0,18.30,673,star673
HIP46843,"9 32 43.5","26 59 14",2000,7.05,K0,17.70,674,star674
HIP46853,"9 32 49.8","51 40 29",2000,3.17,F6IV,13.40,675,star675
HIP47080,"9 35 38.5","35 48 32",2000,5.40,G8IV-V,11.10,676,star676
HIP47103,"9 36 1.79","-21 39 54",2000,10.90,K,8.97,677,star677
HIP47175,"9 36 49.3","-49 21 17",2000,4.34,A5V,32.90,678,star678
HIP47201,"9 37 11.1","22 41 36",2000,9.43,M0V:,21.90,679,star679
HIP47300,"9 38 21.7","40 14 23",2000,5.28,F0V,38.30,680,star680
HIP47425,"9 39 45.6","-41  3 57",2000,10.70,M:,9.49,681,star681
HIP47513,"9 41 9.63","13 12 32",2000,10.30,M2,11.30,682,star682
HIP47592,"9 42 13.9","-23 54 51",2000,4.93,G0V,14.80,683,star683
HIP47690,"9 43 25.7","42 41 16",2000,8.13,K5V,17.70,684,star684
HIP47701,"9 43 33.2","29 58 26",2000,5.64,A2IV,48.80,685,star685
HIP47741,"9 43 54.9","26 58  6",2000,12.00,M:,14.10,686,star686
HIP47780,"9 44 29.1","-45 46 44",2000,10.20,M1:,9.81,687,star687
HIP48331,"9 51 7.72","-43 30 17",2000,7.67,K5V,11.10,688,star688
HIP48336,"9 51 10.8","-12 20 10",2000,10.00,M0,13.60,689,star689
HIP48390,"9 51 53.0","24 23 40",2000,5.29,A5IV,40.10,690,star690
HIP48411,"9 52 10.9","3 13 18",2000,8.86,K5,20.90,691,star691
HIP48477,"9 53 11.6","-3 41 31",2000,10.50,M0,15.60,692,star692
HIP48659,"9 55 23.7","-27 15 43",2000,12.00,,11.40,693,star693
HIP48714,"9 56 7.96","62 47  9",2000,8.99,M2,10.40,694,star694
HIP48833,"9 57 40.8","41  3 19",2000,5.11,F6Vs,28.80,695,star695
HIP48904,"9 58 35.0","-46 25 38",2000,11.20,M5,15.90,696,star696
HIP48926,"9 58 52.1","-35 53 27",2000,5.23,A8IV,32.60,697,star697
HIP49081,"10  0 59.9","31 55 18",2000,5.37,G1V,14.80,698,star698
HIP49127,"10  1 37.0","-15 25 28",2000,8.65,K3V,26.10,699,star699
HIP49197,"10  2 27.9","44 34 41",2000,9.09,K0,27.70,700,star700
HIP49366,"10  4 37.4","-11 43 47",2000,8.15,K0,23.10,701,star701
HIP49544,"10  6 56.7","2 57 50",2000,9.95,M0,22.30,702,star702
HIP49593,"10  7 25.8","35 14 40",2000,4.49,A7V,27.90,703,star703
HIP49669,"10  8 22.0","11 58  2",2000,1.36,B7V,23.70,704,star704
HIP49699,"10  8 43.0","34 14 31",2000,7.56,K0,18.00,705,star705
HIP49809,"10 10 5.75","-12 48 59",2000,5.30,F2/F3IV,27.30,706,star706
HIP49841,"10 10 35.0","-12 21 16",2000,3.61,K0III,35.10,707,star707
HIP49868,"10 10 59.4","75  8 33",2000,9.48,M0,21.20,708,star708
GJ380,"10 11 19.8","49 27  6",2000,6.59,K7.0V,4.86,709,star709
HIP49969,"10 12 5.25","-2 41 14",2000,10.60,M0,12.30,710,star710
HIP49973,"10 12 7.60","-18 37  4",2000,9.93,K7V,17.00,711,star711
HIP49986,"10 12 17.5","-3 44 48",2000,9.26,M3,7.81,712,star712
HIP50070,"10 13 22.7","-51 13 58",2000,5.27,A7V,49.80,713,star713
HIP50075,"10 13 24.2","-33  1 53",2000,6.38,G0V,22.70,714,star714
HIP50125,"10 13 57.5","52 30 12",2000,9.53,K5,22.80,715,star715
HIP50191,"10 14 43.9","-42  7 18",2000,3.85,A2V,31.50,716,star716
HIP50341,"10 16 45.4","-11 57 52",2000,10.90,M0,13.70,717,star717
HIP50372,"10 17 5.54","42 54 51",2000,3.45,A2IV,41.20,718,star718
HIP50384,"10 17 14.0","23  6 20",2000,5.81,F8Vw,22.70,719,star719
HIP50485,"10 18 32.6","43  2 53",2000,6.48,G5,35.60,720,star720
HIP50505,"10 18 52.0","44  2 49",2000,6.66,G5,20.60,721,star721
GJ388,"10 19 35.8","19 52  9",2000,9.29,M2.5V,4.88,722,star722
HIP50564,"10 19 43.9","19 28 11",2000,4.78,F6IV,21.10,723,star723
HIP50583,"10 19 58.7","19 50 26",2000,2.01,K0III,38.50,724,star724
HIP50782,"10 22 9.50","11 18 31",2000,7.78,G5,26.80,725,star725
HIP50888,"10 23 29.0","-38  0 36",2000,5.34,A8V,40.40,726,star726
HIP50921,"10 23 55.2","-29 38 42",2000,6.92,G5V,22.00,727,star727
HIP50944,"10 24 15.2","-10 24 25",2000,9.98,K4.5,27.20,728,star728
HIP50954,"10 24 23.6","-74  1 54",2000,3.99,F2IV,16.20,729,star729
HIP51007,"10 25 10.0","-10 13 41",2000,10.10,M0,12.40,730,star730
HIP51138,"10 26 46.8","-62 54 14",2000,9.50,K5,27.00,731,star731
HIP51248,"10 28 4.01","48 46 51",2000,6.42,G1V,23.50,732,star732
HIP51254,"10 28 10.4","6 44 11",2000,8.53,K0,25.10,733,star733
HIP51271,"10 28 23.6","-51 42 19",2000,8.90,K4V,24.20,734,star734
HIP51317,"10 28 54.9","0 50 15",2000,9.65,M2,7.23,735,star735
HIP51384,"10 29 40.0","84 15  6",2000,5.52,F0IV,40.70,736,star736
HIP51459,"10 30 37.2","55 58 49",2000,4.82,F8V,12.80,737,star737
HIP51468,"10 30 46.0","59 44 59",2000,8.74,K5,22.30,738,star738
HIP51502,"10 31 4.01","82 33 31",2000,5.25,F2V,21.40,739,star739
HIP51525,"10 31 23.3","45 31 24",2000,8.85,K7V,15.60,740,star740
HIP51547,"10 31 43.0","57  6 59",2000,9.63,M0,17.40,741,star741
HIP51658,"10 33 13.6","40 25 32",2000,4.72,A7IV,34.30,742,star742
HIP51814,"10 35 9.81","57  4 58",2000,5.16,F1V,26.40,743,star743
HIP51819,"10 35 11.4","84 23 58",2000,7.29,K0,21.00,744,star744
HIP51933,"10 36 32.6","-12 13 59",2000,5.71,F7V,24.50,745,star745
HIP51986,"10 37 17.9","-48 13 32",2000,3.84,A3m+...,26.50,746,star746
HIP52190,"10 39 44.6","-37 55 15",2000,11.00,,14.60,747,star747
HIP52296,"10 41 9.54","-36 53 46",2000,9.97,M0V,16.30,748,star748
HIP52316,"10 41 24.0","-1 44 31",2000,6.25,K1IV,34.30,749,star749
HIP52341,"10 41 51.7","-36 37 59",2000,10.10,K7V,16.30,750,star750
HIP52369,"10 42 13.5","-13 47 18",2000,6.79,G2/G3V,23.40,751,star751
HIP52422,"10 43 1.76","26 19 31",2000,5.51,A4Vn,45.40,752,star752
HIP52462,"10 43 28.0","-29  3 52",2000,7.72,K1V,21.50,753,star753
HIP52469,"10 43 32.4","46 12 12",2000,5.18,F5III,35.60,754,star754
HIP52470,"10 43 33.2","48 12 53",2000,8.02,G5,25.20,755,star755
LHS288,"10 44 20.4","-61 12 10",2000,13.90,M5.5V,4.76,756,star756
HIP52596,"10 45 16.6","-30 48 30",2000,11.20,,13.80,757,star757
HIP52600,"10 45 21.4","38 30 44",2000,9.16,M2,14.10,758,star758
HIP52708,"10 46 36.7","-24 35  9",2000,9.37,K5V,20.10,759,star759
HIP52727,"10 46 46.2","-49 25 13",2000,2.69,"G5III S",35.40,760,star760
DEN1048,"10 48 13.0","-39 56 21",2000,17.30,M8.5V,4.02,761,star761
LHS292,"10 48 13.2","-11 20 38",2000,15.70,M6.5V,4.53,762,star762
HIP53020,"10 50 51.2","6 48 16",2000,11.60,M4:,5.63,763,star763
HIP53229,"10 53 18.8","34 12 48",2000,3.79,K0III-I,29.90,764,star764
HIP53252,"10 53 29.6","-20  8 23",2000,5.23,F6V,31.30,765,star765
HIP53253,"10 53 29.8","-58 51 10",2000,3.78,K0III-I,29.60,766,star766
GJ406,"10 56 25.0","7  0  9",2000,13.50,M5.5V,2.38,767,star767
HIP53486,"10 56 30.5","7 23 17",2000,7.37,K0,17.50,768,star768
HIP53580,"10 57 36.1","69 35 48",2000,10.20,M0,23.00,769,star769
HIP53721,"10 59 27.5","40 25 49",2000,5.03,G0V,14.00,770,star770
HIP53767,"11  0 3.76","22 49 54",2000,10.00,M3,6.62,771,star771
HIP53824,"11  0 44.7","6  6  4",2000,4.98,A5III,46.20,772,star772
HIP53910,"11  1 50.6","56 22 57",2000,2.34,A1V,24.30,773,star773
HIP53954,"11  2 19.7","20 10 48",2000,4.42,A1m,37.90,774,star774
HIP53985,"11  2 38.5","21 58  0",2000,9.57,K,11.60,775,star775
GJ411,"11  3 19.4","35 56 55",2000,7.47,M2.0V,2.54,776,star776
HIP54061,"11  3 43.3","61 45  3",2000,1.81,"F7V com",37.90,777,star777
HIP54155,"11  4 41.2","-4 13 17",2000,7.64,G5,24.60,778,star778
HIP54182,"11  5 0.65","7 20  8",2000,4.62,F2III-I,28.90,779,star779
GJ412A,"11  5 22.1","43 31 51",2000,8.77,M1.0V,4.86,780,star780
GJ412B,"11  5 23.8","43 31 32",2000,14.40,M5.5V,4.86,781,star781
HIP54288,"11  6 23.0","-35 44 54",2000,9.62,K5,25.50,782,star782
HIP54418,"11  8 5.70","-28 16  5",2000,9.32,K7V,26.80,783,star783
HIP54426,"11  8 13.7","38 25 36",2000,8.35,K0,22.70,784,star784
HIP54459,"11  8 31.9","15 45 57",2000,9.75,K0,25.90,785,star785
HIP54532,"11  9 30.4","-24 36  2",2000,10.40,M:,10.60,786,star786
HIP54646,"11 11 5.90","30 26 42",2000,8.31,K8V,11.90,787,star787
HIP54651,"11 11 9.67","-10 56 53",2000,9.23,K5V,20.80,788,star788
HIP54677,"11 11 33.8","-14 59 38",2000,9.06,K4V,22.70,789,star789
HIP54704,"11 12 1.50","-26  8 12",2000,7.05,G8/K0V,21.60,790,star790
HIP54745,"11 12 32.0","35 48 48",2000,6.41,G0V,21.70,791,star791
HIP54746,"11 12 32.8","-49  6  3",2000,5.37,A2III,49.90,792,star792
HIP54810,"11 13 12.8","4 28 55",2000,8.70,K5V,17.90,793,star793
HIP54872,"11 14 6.66","20 31 23",2000,2.56,A4V,17.60,794,star794
HIP54906,"11 14 33.0","25 42 38",2000,7.76,K1V,21.20,795,star795
HIP54922,"11 14 47.8","-23  6 23",2000,9.02,K4V,22.60,796,star796
HIP54952,"11 15 10.3","73 28 32",2000,7.68,K5,14.60,797,star797
HIP54966,"11 15 21.2","-18  8 53",2000,9.97,K7V,20.60,798,star798
HIP55052,"11 16 6.41","-30 10 40",2000,10.30,,25.20,799,star799
HIP55119,"11 17 7.75","-27 48 49",2000,9.78,M0V,17.50,800,star800
HIP55210,"11 18 22.8","-5  4  4",2000,7.29,G8V,21.90,801,star801
HIP55360,"11 19 57.1","65 50 50",2000,9.31,M1Vvar,9.09,802,star802
HIP55454,"11 21 26.8","-20 27 15",2000,8.57,K4/K5V,13.10,803,star803
HIP55691,"11 24 39.1","-61 38 49",2000,7.22,K7V+...,12.80,804,star804
HIP55705,"11 24 52.8","-17 41  2",2000,4.06,A9V,25.70,805,star805
HIP55718,"11 24 59.6","40  0 12",2000,10.20,M0,22.70,806,star806
HIP55779,"11 25 42.3","-63 58 21",2000,5.18,F7V,27.40,807,star807
HIP55846,"11 26 44.5","3  0 50",2000,6.49,K0IV,17.60,808,star808
HIP55848,"11 26 45.4","3  0 25",2000,7.58,K2V,17.90,809,star809
HIP56035,"11 29 4.30","61 46 45",2000,5.83,F5Vawva,32.80,810,star810
HIP56153,"11 30 33.9","-57  8  1",2000,8.34,K4V,22.20,811,star811
HIP56157,"11 30 41.4","-8  5 38",2000,11.90,,13.90,812,star812
HIP56199,"11 31 13.2","63  9 27",2000,9.98,M0,23.30,813,star813
HIP56238,"11 31 42.7","22 40  2",2000,10.30,,16.10,814,star814
HIP56242,"11 31 44.5","14 21 49",2000,6.27,G0V,23.00,815,star815
HIP56244,"11 31 45.5","-41  2 44",2000,11.50,M,10.40,816,star816
HIP56343,"11 32 59.8","-31 51 28",2000,3.54,G8III,39.60,817,star817
HIP56445,"11 34 21.7","3  3 34",2000,5.76,F5V,26.50,818,star818
HIP56452,"11 34 28.6","-32 49 39",2000,5.96,K0V,9.53,819,star819
HIP56528,"11 35 26.8","-32 32 37",2000,9.81,M2V,9.03,820,star820
HIP56630,"11 36 41.4","39 11 19",2000,10.00,M0,24.30,821,star821
HIP56802,"11 38 40.1","-13 12  4",2000,5.48,F7V,26.90,822,star822
HIP56809,"11 38 44.0","45  6 30",2000,6.29,G0V,23.20,823,star823
HIP56829,"11 38 59.5","42 19 50",2000,8.22,K5V,19.70,824,star824
HIP56998,"11 41 1.49","-44 24 14",2000,7.77,K5V,12.50,825,star825
HIP56997,"11 41 3.00","34 11 59",2000,5.31,G8Vvar,9.54,826,star826
HIP57274,"11 44 40.9","30 57 27",2000,8.97,K8,25.80,827,star827
HIP57328,"11 45 17.0","8 15 28",2000,4.84,A4V,36.60,828,star828
HIP57363,"11 45 36.1","-66 43 42",2000,3.63,A7III,39.30,829,star829
HIP57443,"11 46 28.9","-40 29 54",2000,4.89,G3/G5V,9.23,830,star830
HIP57493,"11 47 3.60","50 58 16",2000,9.51,M0V:p,24.60,831,star831
HIP57494,"11 47 3.61","-11 49 27",2000,9.03,K2,24.60,832,star832
HIP57507,"11 47 15.4","-30 17 15",2000,6.48,G5V,17.70,833,star833
GJ447,"11 47 45.0","0 47 56",2000,11.10,M4.0V,3.35,834,star834
HIP57632,"11 49 3.02","14 34 17",2000,2.14,A3Vvar,11.00,835,star835
HIP57757,"11 50 42.5","1 45 48",2000,3.59,F8V,10.90,836,star836
HIP57802,"11 51 6.98","35 16 23",2000,9.76,M1V,8.55,837,star837
HIP57866,"11 52 8.37","18 45 13",2000,8.40,K2,25.30,838,star838
HIP58001,"11 53 50.0","53 41 41",2000,2.41,"A0V SB",25.60,839,star839
HIP58293,"11 57 15.8","-26  8 26",2000,8.93,K3/K4V,26.70,840,star840
HIP58345,"11 57 54.9","-27 42 35",2000,6.99,K4V,10.10,841,star841
HIP58374,"11 58 11.4","-23 55 26",2000,8.70,K3V,26.00,842,star842
HIP58451,"11 59 10.1","-20 21 20",2000,7.92,K2V,20.80,843,star843
HIP58576,"12  0 44.6","-10 26 53",2000,5.54,K0IV,12.90,844,star844
HIP58684,"12  2 6.28","43  2 45",2000,5.22,A7m,33.90,845,star845
HIP58803,"12  3 40.0","-42 26  4",2000,5.15,F6V,24.20,846,star846
HIP59000,"12  5 50.6","-18 52 36",2000,9.99,K5V,22.50,847,star847
HIP59072,"12  6 52.9","-64 36 50",2000,4.14,F2III,19.60,848,star848
HIP59199,"12  8 24.9","-24 43 44",2000,4.02,F0IV/V,14.70,849,star849
HIP59280,"12  9 36.8","40 15  6",2000,7.46,K0V,24.30,850,star850
HIP59296,"12  9 54.3","-46 12 31",2000,8.46,K5V,20.10,851,star851
HIP59378,"12 10 56.8","41  3 31",2000,10.60,M2V,21.20,852,star852
HIP59406,"12 11 11.5","-19 57 41",2000,11.60,,12.70,853,star853
HIP59496,"12 12 5.42","58 55 35",2000,10.00,K5,28.30,854,star854
HIP59504,"12 12 11.9","77 36 58",2000,5.14,A5m,33.60,855,star855
HIP59514,"12 12 21.2","54 29 10",2000,9.71,M2,15.30,856,star856
HIP59608,"12 13 25.8","10 15 44",2000,5.85,A2m,49.50,857,star857
HIP59750,"12 15 10.5","-10 19  0",2000,6.11,F5V,22.50,858,star858
HIP59774,"12 15 25.7","57  1 57",2000,3.32,A3Vvar,24.90,859,star859
HIP59780,"12 15 27.2","-31  5 39",2000,9.74,K5V,20.10,860,star860
HIP59816,"12 15 57.9","5 38 23",2000,9.45,K8,25.80,861,star861
HIP60303,"12 21 54.3","42  7 53",2000,9.36,M0V,15.90,862,star862
HIP60310,"12 21 59.8","-41  3 34",2000,8.54,K4V,24.10,863,star863
HIP60559,"12 24 53.7","-18 15  9",2000,11.20,M4,8.88,864,star864
HIP60759,"12 27 13.8","27  1 24",2000,8.24,K2V,27.50,865,star865
HIP60866,"12 28 31.7","-18 17 53",2000,9.24,K4V,24.90,866,star866
HIP60910,"12 28 56.9","8 25 27",2000,11.90,M:,13.50,867,star867
HIP60965,"12 29 51.6","-16 30 57",2000,2.94,B9.5V,26.90,868,star868
HIP60994,"12 30 4.48","-13 23 36",2000,6.37,G1/G2V,24.90,869,star869
HIP61053,"12 30 50.1","53  4 38",2000,6.20,F9V,21.90,870,star870
HIP61084,"12 31 10.0","-57  6 51",2000,1.59,M4III,26.90,871,star871
HIP61094,"12 31 15.1","8 48 29",2000,9.74,M0:,13.40,872,star872
HIP61099,"12 31 18.2","20 13  1",2000,7.91,K0,25.20,873,star873
HIP61100,"12 31 19.0","55  7  7",2000,8.08,K2V,23.70,874,star874
HIP61174,"12 32 3.75","-16 11 46",2000,4.30,F2V,18.20,875,star875
HIP61212,"12 32 35.8","-13 51 33",2000,5.74,F3IV/V,36.90,876,star876
GJ473AB,"12 33 15.4","9  1 19",2000,13.20,M5.0V,4.38,877,star877
HIP61291,"12 33 29.7","-68 45 25",2000,7.13,K0V,16.10,878,star878
HIP61317,"12 33 43.5","41 21 31",2000,4.24,G0V,8.37,879,star879
HIP61329,"12 33 59.1","-14 38 19",2000,9.10,K3/K4V,25.50,880,star880
HIP61451,"12 35 33.2","-34 52 57",2000,7.84,K4V,21.60,881,star881
HIP61468,"12 35 45.3","-41  1 18",2000,5.12,A7III,34.50,882,star882
HIP61481,"12 35 51.4","51 13 17",2000,8.52,K0,26.20,883,star883
HIP61622,"12 37 41.8","-48 32 28",2000,3.85,A2V,40.30,884,star884
HIP61621,"12 37 42.3","-27  8 21",2000,5.41,F0V,34.50,885,star885
HIP61792,"12 39 46.8","-77 50 30",2000,9.05,K5V,26.80,886,star886
HIP61874,"12 40 45.1","-43 33 47",2000,12.20,M4,7.66,887,star887
HIP61901,"12 41 6.61","15 22 30",2000,7.91,K2,14.20,888,star888
HIP61941,"12 41 38.9","-1 26 56",2000,2.74,F0V+...,11.80,889,star889
HIP61946,"12 41 44.7","55 43 28",2000,8.27,K3V,23.20,890,star890
HIP62145,"12 44 13.8","51 45 30",2000,7.01,K3V,15.00,891,star891
HIP62207,"12 44 58.9","39 16 46",2000,5.95,G0V,17.30,892,star892
HIP62229,"12 45 14.0","-57 21 30",2000,7.82,K3V,20.10,893,star893
HIP62268,"12 45 38.3","-60 58 53",2000,4.69,K1III,38.20,894,star894
HIP62471,"12 48 9.62","-24 48 13",2000,9.90,K0,18.70,895,star895
HIP62472,"12 48 10.3","-24 48 20",2000,8.90,K4/K5V,19.80,896,star896
HIP62505,"12 48 32.3","-15 43  9",2000,7.93,K2V,21.10,897,star897
HIP62512,"12 48 39.6","60 19 10",2000,5.83,F5V,24.10,898,star898
HIP62523,"12 48 46.6","24 50 23",2000,6.29,G7V,17.10,899,star899
HIP62687,"12 50 43.5","-0 46 11",2000,8.49,M0.5V,10.70,900,star900
HIP62956,"12 54 1.95","55 57 35",2000,1.76,A0p,24.80,901,star901
HIP63076,"12 55 28.5","65 26 18",2000,5.23,A5n,28.80,902,star902
HIP63121,"12 56 0.17","38 18 55",2000,5.61,F0V,25.00,903,star903
HIP63257,"12 57 43.5","-14 27 48",2000,9.11,K4V,23.10,904,star904
HIP63366,"12 59 0.66","-9 49 59",2000,7.54,K0V,21.00,905,star905
HIP63406,"12 59 32.4","41 59 15",2000,8.60,G9V,24.10,906,star906
HIP63467,"13  0 16.1","-2 42 17",2000,9.78,K7V,25.80,907,star907
HIP63490,"13  0 32.5","-33 30 20",2000,6.01,F3V,40.00,908,star908
HIP63503,"13  0 43.9","56 21 58",2000,4.93,F2V,24.90,909,star909
HIP63510,"13  0 45.9","12 22 32",2000,9.76,M2,11.40,910,star910
HIP63550,"13  1 18.7","-63 11 48",2000,10.90,,16.80,911,star911
HIP63608,"13  2 10.2","10 57 33",2000,2.85,G8IIIva,31.30,912,star912
HIP63613,"13  2 17.1","-71 32 56",2000,3.61,K2III,27.80,913,star913
HIP63618,"13  2 20.5","-26 47 16",2000,8.35,K4V,17.50,914,star914
HIP63742,"13  3 49.4","-5  9 46",2000,7.69,G5V,22.10,915,star915
HIP63762,"13  4 4.93","87  6 58",2000,8.77,K0,24.30,916,star916
HIP63833,"13  4 56.1","-52 26 47",2000,9.05,K8V,15.70,917,star917
HIP63894,"13  5 41.5","49 28 21",2000,9.26,K0,21.80,918,star918
HIP63942,"13  6 15.3","20 43 46",2000,9.44,M0,18.50,919,star919
HIP64048,"13  7 34.8","34 24  6",2000,9.28,K3III,23.80,920,star920
HIP64241,"13  9 58.7","17 31 48",2000,4.32,F5V,14.30,921,star921
HIP64394,"13 11 51.4","27 52 55",2000,4.23,G0V,9.15,922,star922
HIP64457,"13 12 43.6","-2 15 53",2000,7.56,K0,20.40,923,star923
HIP64475,"13 12 54.0","-30 42 39",2000,8.03,K1IV/V,26.70,924,star924
HIP64550,"13 13 52.0","-45 11 10",2000,6.93,G2V,24.40,925,star925
HIP64577,"13 14 10.7","-19 55 48",2000,5.31,G8III/I,38.60,926,star926
HIP64583,"13 14 14.6","-59  6 14",2000,4.90,F7IV,18.00,927,star927
HIP64690,"13 15 20.9","-87 33 40",2000,7.11,G5IV-V,24.60,928,star928
HIP64725,"13 15 59.1","-19 56 37",2000,5.21,K1III,38.90,929,star929
HIP64792,"13 16 46.1","9 25 30",2000,5.19,G0Vs,17.90,930,star930
HIP64797,"13 16 51.7","17  0 57",2000,6.49,K2V,11.20,931,star931
HIP64924,"13 18 23.1","-18 18 57",2000,4.74,G5V,8.52,932,star932
HIP65011,"13 19 34.1","35  6 24",2000,9.48,M0,13.10,933,star933
HIP65026,"13 19 45.8","47 46 40",2000,8.48,K0,10.30,934,star934
HIP65109,"13 20 35.3","-36 42 45",2000,2.75,A2V,17.90,935,star935
HIP65143,"13 20 58.6","34 16 39",2000,10.60,M0,16.00,936,star936
HIP65327,"13 23 23.5","57 54 22",2000,9.69,M0V,25.10,937,star937
HIP65343,"13 23 32.2","29 14 18",2000,8.88,K5,18.50,938,star938
HIP65352,"13 23 39.1","2 43 27",2000,7.06,G5,16.00,939,star939
HIP65355,"13 23 40.8","2 43 34",2000,7.35,G5,16.70,940,star940
HIP65378,"13 23 55.7","54 55 30",2000,2.23,A2V,23.90,941,star941
HIP65420,"13 24 33.4","-5  9 50",2000,5.76,F3V,30.00,942,star942
HIP65477,"13 25 13.7","54 59 16",2000,3.99,"A5V SB",24.80,943,star943
HIP65515,"13 25 45.1","56 58 13",2000,7.29,G9IV-V,21.80,944,star944
HIP65520,"13 25 48.3","-28 22 27",2000,11.00,M,16.20,945,star945
HIP65530,"13 25 58.9","63 15 44",2000,6.50,G6V,21.30,946,star946
HIP65714,"13 28 21.2","-2 21 44",2000,11.20,M4+...,14.10,947,star947
HIP65859,"13 30 1.01","10 22 20",2000,9.05,M1V,7.62,948,star948
HIP66077,"13 32 44.8","16 48 35",2000,11.30,M4Ve,13.70,949,star949
HIP66147,"13 33 31.8","8 35 13",2000,7.98,K0,18.40,950,star950
HIP66193,"13 34 2.91","33 13 47",2000,9.19,K5IV,22.90,951,star951
HIP66222,"13 34 21.6","4 40  0",2000,9.95,M0.5V:,20.50,952,star952
HIP66249,"13 34 41.2","-0 35 44",2000,3.38,A3V,22.40,953,star953
HIP66252,"13 34 42.9","-8 20 32",2000,9.24,K7V,19.70,954,star954
HIP66459,"13 37 29.1","35 43  3",2000,9.06,M9,10.90,955,star955
HIP66492,"13 37 50.8","48  8 14",2000,9.77,M0...,21.90,956,star956
HIP66675,"13 40 6.72","-4 11  2",2000,9.61,M0V,14.50,957,star957
HIP66704,"13 40 23.0","50 31 10",2000,6.31,F7.7V,25.20,958,star958
HIP66765,"13 41 4.44","-34 27 53",2000,6.92,K1V,15.60,959,star959
HIP66781,"13 41 13.3","56 43 38",2000,7.77,K0IV-V,23.70,960,star960
HIP66840,"13 41 55.5","-0  7 51",2000,9.76,M0V,23.70,961,star961
HIP66886,"13 42 25.7","-1 41 13",2000,9.24,K7V,24.20,962,star962
HIP67090,"13 45 5.58","17 46 38",2000,9.79,,13.00,963,star963
HIP67105,"13 45 14.6","8 50  8",2000,8.47,K2,20.90,964,star964
HIP67153,"13 45 40.6","-33  2 39",2000,4.23,F3V,19.20,965,star965
HIP67155,"13 45 45.7","14 53  6",2000,8.46,M3V,5.43,966,star966
HIP67164,"13 45 50.3","-17 58 14",2000,11.80,M:,11.30,967,star967
HIP67275,"13 47 15.2","17 27 25",2000,4.50,F7V,15.50,968,star968
HIP67301,"13 47 32.2","49 18 47",2000,1.85,"B3V SB",30.80,969,star969
HIP67422,"13 49 3.48","26 58 46",2000,7.05,K2,13.60,970,star970
HIP67487,"13 49 42.7","-22  6 47",2000,8.16,K4/K5V,14.10,971,star971
HIP67601,"13 51 5.48","-53 44  7",2000,9.53,K3V,26.90,972,star972
HIP67620,"13 51 19.6","-24 23 29",2000,6.43,G5V,19.90,973,star973
HIP67691,"13 52 0.70","49 57  1",2000,8.82,K5,14.00,974,star974
HIP67742,"13 52 34.8","-50 55 19",2000,7.37,K1V,16.40,975,star975
HIP67808,"13 53 27.3","12 56 23",2000,9.78,M0,20.80,976,star976
HIP67960,"13 55 2.21","-29  5 27",2000,9.53,K5/M0V,16.70,977,star977
HIP67986,"13 55 20.0","-76 16 15",2000,8.33,K2V,26.60,978,star978
HIP68030,"13 55 49.6","14  3 23",2000,6.16,F6V,24.20,979,star979
HIP68184,"13 57 31.9","61 29 37",2000,6.49,K3V,10.10,980,star980
HIP68337,"13 59 19.2","22 52 11",2000,9.05,K,23.80,981,star981
HIP68469,"14  1 2.30","-2 39  7",2000,9.71,K5,10.10,982,star982
HIP68634,"14  2 56.8","14 58 31",2000,7.12,G5,26.10,983,star983
HIP68682,"14  3 32.4","10 47  7",2000,6.27,G8V,16.60,984,star984
HIP68895,"14  6 22.3","-26 40 58",2000,3.25,K2III,31.00,985,star985
HIP68933,"14  6 40.2","-36 22 20",2000,2.06,K0IIIb,18.60,986,star986
HIP69357,"14 11 45.8","-12 36 45",2000,7.93,K1V,23.00,987,star987
HIP69414,"14 12 45.0","-3 19 17",2000,7.05,G0,22.20,988,star988
HIP69454,"14 13 13.5","-56 44 28",2000,10.20,M2V:,11.70,989,star989
HIP69454,"14 13 13.5","-56 44 28",2000,10.20,M2V:,11.70,990,star990
HIP69483,"14 13 29.1","51 47 23",2000,4.53,A8IV,47.50,991,star991
HIP69526,"14 13 56.5","30 13  4",2000,8.03,K5,17.30,992,star992
HIP69562,"14 14 21.1","-15 21 24",2000,10.30,K4V,26.40,993,star993
HIP69673,"14 15 38.4","19 10 24",2000,0.00,K2IIIp,11.20,994,star994
HIP69671,"14 15 38.8","-45  0  4",2000,6.31,F9V,21.00,995,star995
HIP69713,"14 16 9.67","51 22  3",2000,4.75,A9V,29.80,996,star996
HIP69732,"14 16 22.7","46  5 20",2000,4.18,A0sh,29.70,997,star997
HIP69824,"14 17 24.4","45 26 39",2000,10.10,M0,18.60,998,star998
HIP69896,"14 18 13.7","-81  0 29",2000,4.89,A2m...,42.80,999,star999
HIP69962,"14 18 58.2","-6 36 19",2000,9.10,K7V,21.50,1000,star1000
